Repository,GitHub Link
chainsafe/lodestar,https://github.com/chainsafe/lodestar
nethereum/nethereum,https://github.com/nethereum/nethereum
wevm/viem,https://github.com/wevm/viem
nethermindeth/nethermind,https://github.com/nethermindeth/nethermind
pandas-dev/pandas,https://github.com/pandas-dev/pandas
apeworx/ape,https://github.com/apeworx/ape
ethereum-lists/chains,https://github.com/ethereum-lists/chains
consensys/teku,https://github.com/consensys/teku
matplotlib/matplotlib,https://github.com/matplotlib/matplotlib
unicode-org/icu4x,https://github.com/unicode-org/icu4x
erigontech/erigon,https://github.com/erigontech/erigon
microsoft/windows-rs,https://github.com/microsoft/windows-rs
sboudrias/inquirer.js,https://github.com/sboudrias/inquirer.js
aws/aws-sdk-js,https://github.com/aws/aws-sdk-js
puppeteer/puppeteer,https://github.com/puppeteer/puppeteer
microsoft/typescript,https://github.com/microsoft/typescript
definitelytyped/definitelytyped,https://github.com/definitelytyped/definitelytyped
yarnpkg/berry,https://github.com/yarnpkg/berry
swc-project/swc,https://github.com/swc-project/swc
facebook/react,https://github.com/facebook/react
webdriverio/webdriverio,https://github.com/webdriverio/webdriverio
facebook/docusaurus,https://github.com/facebook/docusaurus
nrwl/nx,https://github.com/nrwl/nx
azure/azure-sdk-for-js,https://github.com/azure/azure-sdk-for-js
rodrigocfd/winsafe,https://github.com/rodrigocfd/winsafe
aws/aws-sdk-go-v2,https://github.com/aws/aws-sdk-go-v2
jestjs/jest,https://github.com/jestjs/jest
azure/azure-sdk-for-go,https://github.com/azure/azure-sdk-for-go
iamvishnusankar/next-sitemap,https://github.com/iamvishnusankar/next-sitemap
awslabs/aws-sdk-rust,https://github.com/awslabs/aws-sdk-rust
ensdomains/ensjs,https://github.com/ensdomains/ensjs
streetsidesoftware/cspell-dicts,https://github.com/streetsidesoftware/cspell-dicts
angular/angular,https://github.com/angular/angular
vercel/next.js,https://github.com/vercel/next.js
storybookjs/storybook,https://github.com/storybookjs/storybook
microsoft/onnxruntime,https://github.com/microsoft/onnxruntime
ledgerhq/ledger-live,https://github.com/ledgerhq/ledger-live
streetsidesoftware/cspell,https://github.com/streetsidesoftware/cspell
fontsource/font-files,https://github.com/fontsource/font-files
trufflesuite/uws-js-unofficial,https://github.com/trufflesuite/uws-js-unofficial
twbs/bootstrap,https://github.com/twbs/bootstrap
swagger-api/swagger-ui,https://github.com/swagger-api/swagger-ui
seleniumhq/selenium,https://github.com/seleniumhq/selenium
marmelab/react-admin,https://github.com/marmelab/react-admin
gradio-app/gradio,https://github.com/gradio-app/gradio
saadeghi/daisyui,https://github.com/saadeghi/daisyui
facebook/relay,https://github.com/facebook/relay
googleapis/google-api-nodejs-client,https://github.com/googleapis/google-api-nodejs-client
aws/aws-sdk-js-v3,https://github.com/aws/aws-sdk-js-v3